timestamp_rel,mem_free,mem_slab,ksm_sharing,pgmajfault,engine_pool,engine_stored,engine_rejected
0.04,4396,6632,0,54426,22351872,120848384,0
1.29,4492,6688,0,54426,22364160,120995840,0
2.59,4380,6688,0,54430,22364160,120995840,0
3.83,4292,6692,0,54434,22364160,120995840,0
5.04,4236,6688,0,54435,22364160,120995840,0
6.22,4236,6688,0,54435,22364160,120995840,0
7.40,4236,6688,0,54436,22364160,120995840,0
8.61,4280,6688,0,54436,22364160,120995840,0
9.81,4224,6692,0,54437,22364160,120995840,0
11.07,3528,6692,0,54437,22364160,120995840,0
12.24,3528,6692,0,54437,22364160,120995840,0
13.41,3528,6692,0,54437,22364160,120995840,0
14.65,3528,6692,0,54437,22364160,120995840,0
15.93,3528,6692,0,54437,22364160,120995840,0
17.35,3528,6692,0,54437,22364160,120995840,0
18.53,3528,6692,0,54438,22364160,120991744,0
19.72,3528,6688,0,54438,22364160,120991744,0
20.92,2384,6696,0,54781,22499328,122503168,0
22.60,2104,6744,0,57986,24080384,130236416,0
24.13,2852,6792,0,59826,28921856,141504512,0
25.65,2600,6836,0,61490,31645696,154677248,0
27.35,2152,6916,0,62905,33878016,164556800,0
29.53,2460,6992,0,65681,38666240,179294208,0
31.01,2316,7068,0,66325,43143168,190889984,0
32.80,2704,7132,0,68132,46759936,200159232,0
34.20,4012,7156,0,68779,49987584,205840384,0
35.67,4032,7164,0,70049,51113984,209735680,0
37.10,2344,7192,0,72278,52629504,214708224,0
38.85,2204,7228,0,74316,57229312,224780288,0
41.02,5292,7308,0,75935,59965440,230653952,0
42.48,4020,7312,0,76964,61313024,230600704,0
43.85,4484,7324,0,78453,61816832,229212160,0
45.21,3672,7316,0,80478,62717952,228384768,0
46.59,4984,7320,0,81444,64131072,230993920,0
48.04,2188,7336,0,83215,64065536,234082304,0
50.05,2636,7400,0,83804,66252800,245686272,0
51.97,3312,7448,0,85862,68894720,251080704,0
53.36,4344,7488,0,86846,71532544,252923904,0
54.70,5820,7496,0,87767,71532544,254668800,0
56.08,2304,7520,0,90586,73121792,260894720,0
58.34,2256,7584,0,90776,76713984,269987840,0
59.87,2840,7608,0,92326,78987264,272994304,0
61.25,4524,7628,0,93957,79896576,272932864,0
62.76,4516,7624,0,95888,79745024,271151104,0
64.38,3724,7628,0,96213,80076800,270974976,0
65.68,4308,7624,0,96527,80228352,271233024,0
67.13,2208,7624,0,97831,81076224,270041088,0
78.25,2356,7652,0,98376,83632128,276832256,0
79.66,3256,7656,0,101056,83783680,271175680,0
81.82,2020,7668,0,101726,85295104,275230720,0
83.76,2140,7688,0,102254,88240128,280039424,0
85.23,2520,7712,0,104773,87019520,277458944,0
87.01,4380,7720,0,106221,89325568,281227264,0
88.44,3896,7724,0,108109,89350144,276836352,0
90.66,2824,7736,0,109970,90669056,280940544,0
92.07,4060,7740,0,110871,90689536,280100864,0
93.44,2552,7736,0,112692,90390528,278462464,0
94.91,3612,7732,0,113878,91496448,280076288,0
96.38,3868,7732,0,115185,92073984,281436160,0
98.16,2460,7744,0,117307,92651520,284971008,0
99.79,3688,7740,0,119470,91860992,281296896,0
101.40,2736,7752,0,121822,90591232,278999040,0
102.82,2700,7744,0,123395,90816512,280334336,0
104.30,2500,7744,0,125175,91738112,282267648,0
105.72,3548,7748,0,126789,91049984,281645056,0
107.12,3984,7752,0,128945,88707072,276455424,0
108.53,3572,7760,0,130364,88469504,275861504,0
109.97,4052,7764,0,131599,88207360,275607552,0
111.33,4224,7760,0,132842,87900160,275402752,0
112.75,3720,7760,0,134427,87126016,274685952,0
114.15,4288,7768,0,135906,86163456,273379328,0
115.51,4564,7760,0,137221,85471232,270868480,0
117.19,3320,7760,0,138312,85028864,271040512,0
118.59,3872,7760,0,139503,84672512,270663680,0
119.96,2728,7760,0,140638,84983808,270917632,0
121.36,4004,7764,0,141416,85839872,274100224,0
122.76,2308,7764,0,142950,86261760,274964480,0
124.15,4112,7764,0,144070,85753856,275369984,0
125.58,3748,7760,0,146000,84455424,273018880,0
126.98,4348,7760,0,147616,83689472,271474688,0
128.40,4392,7768,0,148896,82694144,270573568,0
129.71,4292,7760,0,150460,81412096,267894784,0
131.09,4180,7760,0,151829,81252352,267464704,0
132.44,3708,7764,0,153253,81162240,266907648,0
133.83,2984,7764,0,154680,80891904,266514432,0
135.22,3968,7772,0,155614,80994304,268337152,0
136.61,3652,7772,0,156889,81182720,268267520,0
138.03,3092,7768,0,158147,81780736,271699968,0
139.44,3204,7768,0,159611,81567744,271241216,0
140.84,3048,7768,0,160956,81469440,271327232,0
142.25,4408,7768,0,162286,81367040,270540800,0
143.67,3852,7768,0,164036,80412672,268083200,0
145.07,3908,7764,0,165610,80056320,266395648,0
146.48,3240,7764,0,166749,80515072,269402112,0
147.90,4768,7764,0,168317,79708160,268079104,0
149.29,4804,7764,0,169658,80044032,267988992,0
150.61,4208,7760,0,170908,79761408,267399168,0
152.03,4304,7760,0,172937,79634432,268062720,0
153.61,3772,7768,0,174002,80039936,269426688,0
155.05,5204,7764,0,175343,79261696,267247616,0
156.35,4208,7760,0,176757,79384576,264765440,0
157.73,3740,7760,0,178082,79724544,264740864,0
159.14,4128,7764,0,179386,79429632,265342976,0
160.55,2820,7760,0,180773,79372288,263839744,0
161.98,4508,7768,0,181981,79769600,265564160,0
163.35,4480,7760,0,183070,79388672,265920512,0
164.78,4692,7760,0,184481,79613952,267153408,0
166.16,2928,7760,0,186370,79028224,267198464,0
167.56,3400,7764,0,187665,77553664,267374592,0
168.91,3168,7764,0,188899,76779520,267689984,0
170.28,3804,7764,0,190282,76636160,266215424,0
171.65,4996,7760,0,191835,76427264,264028160,0
172.94,2860,7764,0,193260,75776000,261373952,0
174.34,4584,7764,0,194252,75272192,262799360,0
175.74,4276,7764,0,195443,75436032,263094272,0
177.14,4060,7768,0,196605,76177408,263573504,0
178.54,3976,7764,0,197745,76533760,264450048,0
179.93,4804,7764,0,198629,76836864,265666560,0
181.28,4536,7768,0,199606,77094912,265887744,0
182.65,4500,7772,0,200780,77402112,265670656,0
184.09,4672,7768,0,202099,77172736,266063872,0
185.53,4000,7764,0,203451,77078528,265502720,0
186.95,4512,7764,0,204689,76902400,266461184,0
188.33,4316,7764,0,205884,76722176,266055680,0
189.69,3332,7764,0,207342,76279808,264876032,0
191.10,4500,7772,0,208599,75255808,263512064,0
192.40,4468,7768,0,209741,75575296,263819264,0
193.81,4336,7768,0,211311,74416128,261627904,0
195.25,2788,7768,0,213264,74719232,265318400,0
197.26,3316,7768,0,214458,74969088,267194368,0
198.67,5916,7772,0,215838,75100160,267857920,0
200.08,4360,7768,0,217214,74956800,266555392,0
201.49,4456,7768,0,218462,75911168,267300864,0
202.84,4808,7764,0,219151,75825152,266956800,0
204.14,3188,7764,0,220500,74498048,264728576,0
205.57,3544,7764,0,222340,73465856,263933952,0
206.96,4428,7764,0,223849,73396224,263892992,0
208.29,5388,7768,0,225571,70975488,261074944,0
209.61,4108,7764,0,227601,69111808,257507328,0
211.00,4296,7764,0,229172,69156864,255746048,0
212.43,3584,7764,0,229920,69509120,254894080,0
213.83,4264,7772,0,230964,69201920,254492672,0
215.16,3684,7768,0,233130,68464640,257789952,0
216.90,2528,7768,0,235190,69115904,260370432,0
218.32,4252,7768,0,236131,69640192,261943296,0
219.70,3276,7768,0,237545,70631424,264028160,0
221.13,6140,7772,0,238920,71057408,263680000,0
222.46,2240,7768,0,240376,71188480,264720384,0
223.98,2628,7768,0,242108,71962624,264945664,0
225.40,2956,7772,0,243396,73289728,265744384,0
226.82,3024,7768,0,244188,75599872,270086144,0
228.44,3428,7768,0,245964,74911744,266469376,0
229.93,4356,7772,0,247801,75268096,264986624,0
231.31,2856,7776,0,248991,76152832,266768384,0
232.71,2288,7772,0,250600,76906496,268312576,0
234.10,3256,7772,0,251543,77832192,269328384,0
235.48,4372,7768,0,252438,78839808,271466496,0
236.84,2432,7768,0,253714,79990784,273035264,0
238.23,3592,7776,0,254945,80347136,273588224,0
239.61,3212,7776,0,256095,81285120,273678336,0
241.02,3912,7772,0,257642,80441344,273571840,0
242.37,4304,7768,0,258776,80699392,274141184,0
243.74,2368,7768,0,260358,79749120,272445440,0
245.14,4840,7776,0,261183,81412096,275083264,0
247.52,4524,7796,0,262975,83046400,276606976,0
248.89,3688,7792,0,264975,81608704,270942208,0
250.28,2168,7788,0,266324,81170432,271073280,0
252.01,3700,7788,0,268337,82497536,274849792,0
253.82,2444,7788,0,270161,83386368,276492288,0
255.29,2932,7788,0,271566,84164608,277766144,0
256.70,4124,7792,0,273374,82427904,274927616,0
258.08,3800,7788,0,274963,82329600,273940480,0
259.52,3468,7788,0,276629,83595264,276107264,0
261.02,4080,7788,0,277892,83902464,276713472,0
262.41,4612,7792,0,278864,85004288,277831680,0
263.70,4300,7792,0,280496,82644992,273055744,0
265.04,2592,7792,0,281998,81842176,271486976,0
266.42,4880,7788,0,282638,82960384,274706432,0
267.80,3648,7788,0,283802,83169280,274137088,0
269.17,4880,7792,0,284464,83959808,276160512,0
270.57,3728,7792,0,285959,83849216,276525056,0
272.00,4560,7788,0,286877,84373504,277483520,0
273.38,4376,7788,0,288447,83599360,276197376,0
274.76,3680,7788,0,289800,84008960,276348928,0
276.25,4288,7788,0,291240,83312640,276426752,0
277.95,5256,7792,0,292754,81928192,273690624,0
279.27,4224,7792,0,294527,80265216,269234176,0
280.69,4564,7792,0,295767,80011264,269541376,0
282.22,2668,7788,0,297180,81670144,273309696,0
283.83,3004,7788,0,298350,84213760,279298048,0
285.22,4056,7796,0,299754,85204992,279437312,0
286.65,4860,7796,0,301282,85426176,279781376,0
288.03,4128,7800,0,302947,83873792,276873216,0
289.41,5060,7796,0,305014,81620992,271065088,0
290.73,3968,7796,0,306314,81211392,270934016,0
292.15,4008,7800,0,307919,80678912,269885440,0
293.60,4376,7800,0,309347,81002496,269139968,0
295.02,3868,7796,0,311071,81186816,270180352,0
296.43,3392,7796,0,312957,82063360,272838656,0
297.84,3048,7796,0,314612,82604032,275013632,0
299.21,3784,7792,0,316311,82792448,276910080,0
302.41,3812,7792,0,317570,83296256,277762048,0
303.81,4756,7792,0,319575,80736256,274821120,0
305.19,3952,7800,0,321976,77283328,270217216,0
306.49,5000,7792,0,323610,75509760,266825728,0
307.77,4096,7792,0,324840,75702272,266190848,0
309.17,3720,7788,0,326391,76607488,264466432,0
310.56,4268,7788,0,328210,75743232,261222400,0
311.94,4400,7792,0,329579,76029952,262594560,0
313.23,3644,7792,0,329762,76029952,262012928,0
314.51,4224,7788,0,331093,76447744,264404992,0
316.04,2400,7788,0,332811,76685312,267526144,0
317.55,4780,7792,0,334196,76222464,268591104,0
318.95,3892,7792,0,336019,76939264,269684736,0
320.33,4828,7796,0,337176,77881344,270446592,0
321.62,3940,7792,0,338395,78254080,270753792,0
323.01,2868,7792,0,340323,78032896,268652544,0
324.43,5404,7788,0,341639,78327808,271466496,0
325.78,3668,7792,0,343665,77795328,269148160,0
327.16,3772,7800,0,345501,76791808,269373440,0
328.60,4580,7796,0,346708,76967936,270614528,0
330.30,4656,7796,0,348378,76713984,269856768,0
331.61,3648,7792,0,350014,75358208,267919360,0
332.97,4504,7792,0,351496,74485760,268005376,0
334.33,3772,7800,0,353371,72511488,263585792,0
335.73,4160,7792,0,354960,71958528,261566464,0
337.11,4352,7792,0,356210,71901184,262213632,0
338.51,4164,7796,0,357594,71319552,261689344,0
339.92,4096,7792,0,359008,70746112,261640192,0
341.33,2368,7792,0,360442,70213632,260423680,0
342.72,4312,7792,0,361323,70979584,262397952,0
344.09,4164,7792,0,363176,69849088,260272128,0
345.62,2852,7792,0,363923,71778304,264982528,0
347.03,2388,7792,0,365370,71974912,265224192,0
348.44,2336,7792,0,366447,74502144,268869632,0
349.93,5008,7800,0,367829,75759616,269942784,0
351.30,4128,7796,0,369765,75329536,267272192,0
352.74,4140,7792,0,371399,74588160,263860224,0
354.12,4188,7792,0,372902,74489856,263487488,0
355.48,5064,7792,0,374284,74424320,261505024,0
356.82,3384,7800,0,375325,74276864,262025216,0
358.37,3448,7800,0,377105,75464704,268365824,0
359.92,2188,7796,0,378896,76419072,270204928,0
361.49,2216,7796,0,380588,77508608,271097856,0
362.93,3880,7796,0,381963,77443072,271536128,0
364.34,4316,7796,0,383758,77324288,268660736,0
365.70,4412,7804,0,385141,77934592,268013568,0
367.06,4032,7800,0,386417,78098432,266575872,0
368.48,3860,7800,0,387285,77787136,265883648,0
369.80,4840,7800,0,388221,78221312,267366400,0
371.18,3436,7800,0,389599,78524416,266588160,0
372.63,4720,7804,0,390932,78721024,268808192,0
374.04,5272,7804,0,392219,78077952,268345344,0
375.35,4692,7800,0,393749,76967936,267431936,0
376.67,3796,7800,0,395248,76963840,268521472,0
378.08,4916,7800,0,396180,77967360,270225408,0
379.41,3156,7800,0,397660,78417920,269549568,0
380.80,4544,7800,0,398526,79011840,271683584,0
382.19,4348,7804,0,399974,78848000,271339520,0
383.58,3936,7800,0,401518,78721024,270409728,0
384.99,4060,7800,0,402426,78999552,271167488,0
386.40,4024,7796,0,403719,79433728,271224832,0
387.85,4876,7796,0,404973,78815232,271953920,0
389.18,3880,7812,0,406372,78151680,270446592,0
390.61,2332,7816,0,407980,78200832,270675968,0
392.01,3796,7816,0,409194,78565376,271831040,0
393.40,4480,7812,0,410261,79630336,275566592,0
394.79,4044,7812,0,412178,79327232,272592896,0
396.15,4024,7820,0,413471,79470592,271925248,0
397.55,5464,7812,0,414836,78675968,271233024,0
398.87,3684,7816,0,416322,78278656,269185024,0
400.29,3148,7816,0,417608,78667776,269176832,0
401.70,4816,7816,0,418541,79679488,271810560,0
403.04,3636,7816,0,419920,79044608,270442496,0
404.46,4172,7824,0,421018,79294464,271511552,0
405.88,4244,7820,0,422188,79130624,271798272,0
407.31,4404,7820,0,423493,79114240,272076800,0
408.73,4964,7820,0,424635,78868480,272334848,0
410.05,4048,7820,0,426060,78258176,271196160,0
411.43,4216,7824,0,427301,78397440,271319040,0
412.83,3912,7824,0,428600,79060992,271831040,0
414.23,5368,7824,0,429881,78557184,271745024,0
415.53,4512,7824,0,431154,78192640,270598144,0
416.90,4052,7824,0,432245,78548992,271265792,0
418.31,4656,7824,0,433428,78893056,271413248,0
419.69,4388,7824,0,434809,78610432,271511552,0
421.09,4856,7824,0,435907,79179776,272125952,0
422.47,4212,7820,0,437088,79278080,272232448,0
423.86,3548,7820,0,438575,78635008,271233024,0
425.28,4216,7820,0,439843,78606336,271769600,0
426.65,3524,7816,0,441105,78393344,270544896,0
428.08,4132,7820,0,442036,78864384,271839232,0
429.47,5148,7820,0,443238,78204928,271241216,0
430.83,4360,7816,0,444543,78503936,270626816,0
432.24,4648,7816,0,445544,78831616,271638528,0
433.59,4340,7820,0,446810,78671872,271917056,0
435.02,3936,7832,0,448021,78929920,271626240,0
436.43,4076,7824,0,449065,79679488,273428480,0
437.83,3884,7828,0,450429,79888384,273297408,0
439.22,4268,7824,0,451908,79704064,273510400,0
440.63,3580,7828,0,453356,79286272,273473536,0
442.03,2124,7832,0,455053,78065664,271777792,0
443.57,4148,7832,0,456663,77230080,270848000,0
444.94,2656,7828,0,458622,75915264,268046336,0
446.35,4360,7824,0,459756,75837440,268410880,0
447.73,4464,7824,0,461469,75894784,265842688,0
449.29,2532,7824,0,462666,75804672,267309056,0
450.78,4052,7828,0,464042,75292672,267382784,0
452.16,4456,7828,0,465612,73957376,265146368,0
453.59,3088,7828,0,467116,75460608,267505664,0
454.97,2840,7828,0,468660,75714560,268861440,0
456.38,4184,7828,0,469643,76591104,270647296,0
457.72,4028,7828,0,471218,76021760,267636736,0
459.06,3668,7828,0,472403,75968512,270188544,0
460.51,2496,7824,0,473702,77348864,274898944,0
461.89,4996,7824,0,475146,77144064,274419712,0
463.36,5044,7824,0,477059,75182080,269783040,0
464.65,5888,7824,0,478820,73232384,265310208,0
465.95,4772,7828,0,480273,71901184,261689344,0
467.23,4068,7828,0,481602,69586944,258887680,0
468.55,4132,7828,0,483043,68689920,256978944,0
469.93,4540,7828,0,483845,69300224,258478080,0
471.32,2884,7828,0,484495,70971392,262270976,0
472.75,5344,7832,0,484617,72675328,265973760,0
474.07,5184,7828,0,485833,71643136,263372800,0
475.42,2524,7828,0,487133,71520256,263225344,0
476.82,4404,7828,0,488056,71622656,264224768,0
478.11,5116,7832,0,488901,71839744,264871936,0
479.53,2748,7832,0,489511,73601024,268738560,0
481.08,3328,7836,0,490784,74579968,268972032,0
482.46,3192,7840,0,492298,74326016,268865536,0
484.08,4276,7836,0,492932,74317824,269021184,0
485.43,4972,7832,0,493720,74485760,268812288,0
486.72,6392,7832,0,494925,73973760,267071488,0
488.00,4788,7832,0,496745,72273920,261570560,0
489.32,4376,7836,0,498370,69304320,257839104,0
490.72,4244,7836,0,499560,69316608,256622592,0
492.05,4652,7836,0,500867,67584000,254193664,0
493.50,2412,7836,0,502120,67846144,255098880,0
494.90,3744,7836,0,503183,68444160,257847296,0
496.26,4380,7840,0,504473,68608000,258301952,0
497.70,2372,7856,0,505800,68816896,260550656,0
499.58,2308,7852,0,506056,72847360,270462976,0
502.02,5280,7896,0,508451,72572928,268947456,0
503.35,3800,7896,0,509797,72286208,268947456,0
504.76,3800,7896,0,511146,72605696,266936320,0
506.15,3420,7896,0,512745,70500352,262832128,0
507.49,4180,7892,0,513925,70008832,261771264,0
508.93,2536,7904,0,515547,71188480,264777728,0
510.36,3204,7904,0,516703,71643136,265457664,0
511.73,5412,7904,0,517333,72953856,268746752,0
513.09,5536,7908,0,518188,72941568,268316672,0
514.44,2712,7908,0,519451,71729152,265424896,0
515.91,3320,7908,0,520682,71659520,266506240,0
517.37,2396,7908,0,521840,72257536,267882496,0
518.99,3360,7908,0,522884,72409088,269541376,0
520.41,4436,7908,0,524372,72404992,267526144,0
521.82,2572,7912,0,526268,69763072,263323648,0
523.68,5556,7912,0,527385,69443584,261820416,0
524.97,3752,7908,0,528578,69398528,261828608,0
526.43,2892,7908,0,529941,68579328,262234112,0
527.86,4688,7908,0,531104,68603904,262021120,0
529.14,4200,7908,0,532486,68317184,259825664,0
530.46,4236,7904,0,533790,69124096,263344128,0
531.87,4444,7908,0,534956,69238784,264654848,0
533.29,4152,7904,0,536139,69787648,263999488,0
534.73,4432,7904,0,537325,70500352,264187904,0
536.12,3320,7904,0,538532,71417856,264904704,0
537.50,3920,7908,0,539717,72216576,265908224,0
538.90,4496,7908,0,541164,71049216,265310208,0
540.30,4680,7904,0,542439,70066176,268165120,0
541.79,6048,7904,0,543590,70443008,269647872,0
543.11,3760,7904,0,545749,68280320,263610368,0
544.51,3932,7908,0,547247,68481024,261009408,0
545.84,4640,7904,0,548322,68554752,260124672,0
547.13,4560,7904,0,549893,68485120,256987136,0
548.49,4744,7904,0,551599,67719168,252764160,0
549.82,4440,7904,0,553124,68034560,253612032,0
551.22,4056,7908,0,554373,68161536,254001152,0
552.62,3988,7912,0,555468,68956160,257228800,0
554.11,3596,7904,0,556888,69402624,258334720,0
555.49,4472,7904,0,557929,70184960,259309568,0
556.88,2964,7908,0,558953,70832128,259440640,0
558.25,3416,7908,0,560151,71827456,260796416,0
559.65,3696,7916,0,561464,72495104,261365760,0
561.02,2532,7908,0,563301,72249344,260349952,0
562.45,4856,7908,0,564413,72417280,263503872,0
563.72,3592,7908,0,565790,72470528,263327744,0
565.02,3740,7908,0,567217,71839744,262463488,0
566.44,4292,7912,0,568499,71962624,262672384,0
567.79,4288,7916,0,569560,72757248,263311360,0
569.17,4088,7912,0,570909,72122368,262897664,0
570.56,4332,7908,0,572136,72167424,263258112,0
571.93,3412,7908,0,573684,71696384,261828608,0
573.32,4584,7912,0,574636,72622080,264204288,0
574.70,4028,7908,0,575872,72699904,263618560,0
576.14,3928,7916,0,577153,71843840,262864896,0
577.56,3944,7908,0,578307,72019968,263102464,0
578.97,4008,7908,0,579638,71278592,261963776,0
580.35,5220,7908,0,580499,71974912,263737344,0
581.66,4164,7908,0,581634,72286208,263696384,0
583.07,3888,7916,0,582507,72556544,263811072,0
584.54,4080,7912,0,583491,72732672,264491008,0
585.95,4776,7908,0,584362,72482816,265867264,0
587.25,4556,7908,0,585586,72269824,266313728,0
588.66,3920,7912,0,587523,70074368,263639040,0
590.02,4520,7916,0,589250,68296704,261947392,0
591.31,3772,7916,0,590384,67657728,261193728,0
592.69,4012,7912,0,591526,67252224,260800512,0
594.12,3648,7912,0,593335,66920448,258252800,0
595.51,4628,7912,0,594462,66797568,257818624,0
597.07,4296,7912,0,595749,66371584,256819200,0
598.43,4536,7916,0,597125,66490368,256274432,0
599.81,5204,7912,0,598355,66977792,255492096,0
601.16,2684,7912,0,600227,67260416,256659456,0
602.85,2304,7912,0,601510,70733824,265678848,0
604.57,4716,7912,0,602704,71061504,266739712,0
605.90,4360,7912,0,603875,71991296,267354112,0
607.25,4360,7916,0,605109,72433664,266485760,0
608.62,4324,7912,0,607025,72437760,265777152,0
609.98,3544,7912,0,608627,73052160,265461760,0
611.39,4840,7908,0,610071,72617984,266686464,0
612.80,4676,7908,0,611412,72466432,265248768,0
614.10,4704,7908,0,612654,73236480,266842112,0
615.49,4272,7908,0,614265,73555968,267141120,0
616.93,4248,7908,0,615981,73592832,267771904,0
618.32,4512,7908,0,617939,71761920,265150464,0
619.66,4336,7908,0,619580,70701056,264155136,0
621.06,5924,7912,0,620940,69738496,262369280,0
622.42,2232,7908,0,622871,68456448,260542464,0
623.86,4648,7912,0,624303,67481600,258486272,0
625.17,4216,7912,0,625764,66260992,257150976,0
626.48,3516,7908,0,626938,65503232,255397888,0
627.87,4092,7912,0,627809,65142784,255971328,0
629.28,4592,7912,0,628347,65900544,257863680,0
630.61,4052,7912,0,629357,65855488,257449984,0
631.89,3972,7908,0,630453,66662400,259964928,0
633.28,5188,7908,0,631374,67526656,261386240,0
634.59,2264,7908,0,632436,68685824,264257536,0
636.04,3236,7916,0,633773,68685824,264830976,0
637.42,4764,7916,0,634835,68861952,264843264,0
638.81,3756,7908,0,636542,67698688,262062080,0
640.21,5064,7908,0,638721,64720896,257146880,0
641.56,4360,7908,0,640808,63868928,250925056,0
642.97,3948,7908,0,642315,63463424,248446976,0
644.43,3596,7916,0,643104,65376256,254947328,0
645.83,3016,7912,0,644825,66330624,258338816,0
647.23,5776,7908,0,645935,67076096,260653056,0
648.59,4276,7908,0,647742,67543040,258379776,0
650.01,2876,7908,0,649296,69214208,264671232,0
651.57,3660,7912,0,650723,68849664,264437760,0
652.94,4452,7916,0,651978,68096000,265175040,0
654.83,2820,7912,0,653386,68587520,267857920,0
656.41,5700,7912,0,655739,65560576,261013504,0
657.70,2404,7912,0,656927,66281472,265199616,0
659.51,6516,7928,0,658008,66342912,267517952,0
660.82,4196,7924,0,660883,65028096,260411392,0
662.20,3720,7924,0,662607,64995328,260706304,0
663.56,3360,7928,0,664231,66162688,264773632,0
664.98,3968,7924,0,666026,65073152,265596928,0
666.34,4332,7924,0,668225,63422464,258998272,0
667.64,2692,7916,0,670125,64561152,260878336,0
669.38,3836,7916,0,671881,64782336,261160960,0
670.74,3428,7920,0,673551,63098880,258633728,0
672.15,5084,7916,0,675063,62226432,257560576,0
673.55,2656,7908,0,675591,63545344,261111808,0
674.95,5992,7908,0,676262,64450560,263745536,0
676.60,3692,7908,0,677927,63836160,260857856,0
677.98,4524,7916,0,679552,62119936,258048000,0
679.29,4368,7904,0,680595,62918656,258277376,0
680.67,4776,7904,0,681392,63176704,258428928,0
682.02,4856,7904,0,681923,62603264,258056192,0
683.30,4576,7904,0,683194,62160896,255778816,0
684.62,3776,7904,0,684233,62238720,255016960,0
686.03,4520,7904,0,685303,62525440,255623168,0
687.34,3268,7904,0,686849,60772352,253276160,0
688.76,4304,7904,0,687926,61448192,254271488,0
690.28,2380,7904,0,689469,62586880,255287296,0
691.69,3148,7908,0,691179,62517248,254939136,0
693.08,2916,7904,0,692223,62730240,257282048,0
694.50,5232,7900,0,692933,63135744,260239360,0
695.88,2368,7900,0,693810,62939136,261148672,0
697.33,5020,7900,0,694921,63221760,261201920,0
698.68,3456,7904,0,696122,65155072,263131136,0
700.09,3576,7908,0,697360,66027520,264257536,0
701.49,5384,7904,0,699371,66523136,263983104,0
702.83,4032,7904,0,701291,65937408,259624960,0
704.25,3608,7904,0,703168,66154496,256663552,0
705.64,4232,7904,0,704275,66691072,257339392,0
707.05,4512,7912,0,705576,66252800,256524288,0
708.38,4328,7904,0,707219,64692224,258117632,0
709.79,2592,7904,0,708891,63766528,259108864,0
711.26,3308,7904,0,710341,64217088,259076096,0
712.65,3892,7904,0,711435,62750720,257552384,0
713.95,4372,7904,0,712465,62304256,257314816,0
715.27,3976,7912,0,713450,61890560,255672320,0
716.64,2964,7912,0,715284,61083648,253419520,0
718.05,5044,7908,0,716460,60198912,254488576,0
719.50,2324,7904,0,717063,61906944,260091904,0
721.29,3904,7904,0,718079,63246336,265125888,0
722.70,3360,7924,0,719948,63119360,264151040,0
724.30,4844,7920,0,721482,63586304,263172096,0
725.65,4636,7920,0,723529,62001152,258043904,0
727.04,4564,7920,0,725797,60649472,253403136,0
728.46,3320,7920,0,726241,62840832,261357568,0
729.83,2300,7924,0,727434,63479808,262017024,0
731.19,4304,7924,0,728937,63631360,259784704,0
732.66,2112,7924,0,730798,63385600,261451776,0
734.30,4848,7920,0,731910,64245760,263852032,0
735.70,4272,7920,0,733522,64884736,263172096,0
737.22,2420,7920,0,735369,64999424,261799936,0
738.76,3748,7920,0,737604,63885312,259006464,0
740.24,2868,7932,0,739313,62824448,263847936,0
741.92,3984,7940,0,740823,63909888,264273920,0
743.25,3500,7940,0,743475,64745472,258592768,0
745.00,4404,7932,0,744662,64237568,257875968,0
746.47,5312,7928,0,745810,65613824,262021120,0
747.86,3420,7924,0,747334,65437696,265179136,0
749.20,4056,7924,0,749025,64057344,262033408,0
750.62,2384,7924,0,750965,61747200,261029888,0
752.28,4120,7936,0,752063,62853120,263540736,0
753.69,4460,7940,0,753085,63258624,264929280,0
755.14,2276,7944,0,754511,62492672,265076736,0
756.62,4860,7956,0,755643,62476288,266526720,0
758.25,2980,7964,0,757343,62033920,265261056,0
759.86,4432,7964,0,758668,62410752,265220096,0
761.31,2752,7964,0,759874,66052096,268726272,0
762.89,3392,7968,0,761410,66547712,267464704,0
764.28,2404,7968,0,762925,64466944,265920512,0
765.74,2360,7964,0,764730,65810432,268718080,0
767.20,2572,7964,0,766239,65560576,269352960,0
768.69,2540,7960,0,767968,64569344,268017664,0
770.12,3156,7960,0,769073,64684032,269058048,0
771.52,2200,7972,0,770420,64651264,269127680,0
772.92,5000,7980,0,771590,64983040,269762560,0
774.37,2780,7980,0,773673,63746048,265379840,0
775.83,2688,7980,0,774707,64860160,267808768,0
777.33,5380,7976,0,776311,64466944,266956800,0
778.84,4536,7968,0,778405,63033344,262492160,0
780.19,4228,7964,0,780380,61546496,258564096,0
781.58,3128,7964,0,781013,63627264,261718016,0
782.96,3588,7964,0,781686,64851968,265977856,0
784.35,4700,7960,0,783064,63524864,262987776,0
785.73,2428,7960,0,784687,62234624,262356992,0
787.19,4896,7960,0,785966,61890560,261058560,0
788.56,3608,7964,0,787901,59793408,257130496,0
789.92,5684,7960,0,789079,59322368,256126976,0
791.23,5520,7956,0,790183,59707392,256626688,0
792.60,4268,7956,0,792260,55001088,249167872,0
794.20,2388,7956,0,793574,55799808,253370368,0
796.11,2316,7952,0,794436,58011648,256761856,0
797.51,2432,7952,0,795335,59510784,259858432,0
798.96,3556,7952,0,796697,59957248,258125824,0
800.29,4192,7952,0,797515,60518400,258146304,0
801.59,4740,7952,0,798821,60116992,257851392,0
803.08,2172,7952,0,800691,59527168,256516096,0
804.90,2616,7956,0,801536,62013440,261861376,0
806.27,4888,7952,0,803402,61718528,258859008,0
807.61,2292,7952,0,805177,60370944,259686400,0
809.31,5140,7948,0,806574,59740160,258793472,0
810.69,2824,7952,0,807574,61046784,261971968,0
812.14,3056,7956,0,809315,60416000,260210688,0
813.52,3344,7960,0,810016,63197184,264265728,0
815.00,2704,7960,0,811604,64004096,265076736,0
816.55,3732,7960,0,812950,64770048,268312576,0
818.16,2728,7964,0,815137,62148608,263311360,0
819.53,2308,7964,0,816273,62889984,264638464,0
820.92,4316,7968,0,818762,61550592,259809280,0
822.31,2188,7968,0,819904,62111744,262410240,0
824.18,4212,7960,0,821170,63377408,265773056,0
825.61,4116,7964,0,822697,62742528,265711616,0
827.15,4344,7976,0,823717,63893504,268623872,0
828.55,2604,7980,0,825301,64643072,269684736,0
830.25,4188,7992,0,826977,64544768,266788864,0
831.60,5220,7984,0,829324,59236352,258560000,0
832.97,2320,7980,0,830428,60928000,263704576,0
834.84,4892,7984,0,831524,63655936,268447744,0
836.33,2596,7984,0,833470,65503232,267223040,0
837.73,4940,7988,0,835323,62558208,262569984,0
839.03,4704,7988,0,837432,60129280,258551808,0
840.43,5072,7984,0,838511,59772928,260042752,0
841.86,4932,7980,0,840236,58642432,256163840,0
843.20,2380,7980,0,841711,58097664,254570496,0
844.80,2236,7976,0,842684,60510208,259837952,0
846.23,3068,7976,0,843734,61714432,262111232,0
847.72,5208,7980,0,845759,59547648,258969600,0
849.18,2304,7980,0,846702,62353408,264884224,0
850.87,2888,7980,0,847918,63193088,266407936,0
852.35,4280,7984,0,849278,64004096,267177984,0
853.73,3964,7984,0,850827,64274432,265256960,0
855.05,3940,7980,0,852926,61603840,259784704,0
856.36,2988,7980,0,854235,61468672,259387392,0
857.85,2400,7980,0,855925,60891136,258613248,0
859.35,4124,7980,0,857264,60157952,257662976,0
861.01,2632,7972,0,858116,60112896,259837952,0
862.45,5544,7972,0,859009,61083648,261910528,0
863.82,5272,7968,0,860799,58466304,257564672,0
865.15,3984,7964,0,862884,55160832,253333504,0
866.56,4040,7964,0,864608,54939648,250867712,0
867.96,3780,7968,0,866158,52957184,248819712,0
869.36,3728,7972,0,868541,50405376,243277824,0
870.89,2248,7964,0,869491,52809728,249876480,0
872.71,2144,7964,0,870041,55836672,255889408,0
874.12,3360,7960,0,871425,58515456,257482752,0
875.52,3736,7964,0,872458,60665856,261763072,0
876.90,5440,7972,0,874103,59432960,262361088,0
878.38,2784,7964,0,875847,59125760,261750784,0
879.76,4120,7976,0,877460,59432960,260976640,0
881.14,3968,7976,0,879496,59031552,257556480,0
882.50,6580,7976,0,881051,59318272,256364544,0
883.89,2268,7980,0,881889,63295488,264388608,0
885.73,3480,7980,0,883580,62541824,263864320,0
887.14,4888,7980,0,884816,62545920,265592832,0
888.49,3984,7980,0,886705,59658240,261570560,0
889.85,3800,7980,0,888577,57954304,259510272,0
891.32,4204,7980,0,891062,54296576,252694528,0
892.71,2456,7980,0,892039,54951936,256278528,0
894.35,2316,7980,0,893563,55439360,257003520,0
895.81,3520,7976,0,895747,54546432,252342272,0
897.33,2204,7980,0,896559,55865344,257716224,0
899.03,2184,7980,0,897982,56299520,258379776,0
900.57,2796,7980,0,899156,58433536,259977216,0
902.06,2520,7980,0,900848,57073664,257953792,0
903.46,4356,7980,0,902214,56741888,257073152,0
904.95,4160,7976,0,904260,55279616,254234624,0
906.40,3524,7976,0,905256,54177792,255160320,0
907.87,3656,7976,0,906491,55312384,257474560,0
909.45,3176,7980,0,907277,57065472,260902912,0
910.89,4112,7980,0,908627,58150912,261533696,0
912.33,4012,7984,0,911218,55988224,253931520,0
913.74,5872,7980,0,912672,56356864,253095936,0
915.04,2416,7980,0,913680,57913344,257900544,0
916.93,2800,7984,0,914707,59731968,261533696,0
918.34,4680,7980,0,916169,60112896,260550656,0
919.71,4092,7984,0,918172,58732544,256819200,0
921.14,2076,7980,0,919559,58695680,259821568,0
922.98,2140,7976,0,920717,60452864,262918144,0
924.72,2272,7992,0,921327,65024000,270082048,0
926.23,4452,7996,0,923283,64122880,266731520,0
927.66,3960,8000,0,924449,65372160,267911168,0
929.13,3012,7992,0,925896,65540096,267735040,0
930.56,4780,7992,0,928034,63438848,262860800,0
932.04,3260,7992,0,928654,64540672,269279232,0
933.49,2224,7992,0,930846,64294912,266944512,0
935.38,4348,8000,0,932950,62377984,263405568,0
936.80,4260,7992,0,934301,62525440,263032832,0
938.18,2368,7992,0,935714,61456384,261787648,0
939.59,2808,7992,0,937752,59465728,258174976,0
941.29,2176,7984,0,938408,61358080,265940992,0
942.76,2356,7988,0,940132,59981824,263749632,0
944.16,3368,8000,0,941041,61734912,267317248,0
945.59,5824,7996,0,943405,58417152,260063232,0
947.03,4732,7996,0,945738,57552896,256188416,0
948.59,2016,7996,0,946308,62128128,265797632,0
950.25,3576,8000,0,947787,63172608,265539584,0
951.66,2644,7992,0,949174,64200704,266915840,0
953.17,3748,8000,0,950043,66215936,269778944,0
954.57,3988,7996,0,952050,63950848,265412608,0
955.96,4160,7996,0,953380,64806912,265175040,0
957.33,2128,7980,0,954920,63995904,265502720,0
958.88,3960,7984,0,956216,63893504,265560064,0
960.25,6168,7980,0,957916,62394368,262205440,0
961.55,2444,7980,0,960020,59949056,257183744,0
962.96,3084,7976,0,960925,60719104,258826240,0
964.34,6204,7976,0,963393,56918016,251981824,0
965.92,2320,7968,0,964005,60645376,260030464,0
967.56,3748,7972,0,965245,61210624,261611520,0
968.97,3324,7972,0,967203,59850752,256860160,0
970.42,2648,7972,0,968444,62124032,261849088,0
972.25,2916,7972,0,969957,61177856,259776512,0
973.68,5144,7972,0,971507,60366848,256176128,0
975.02,2636,7972,0,972529,60792832,257691648,0
976.41,6048,7972,0,974577,57806848,252866560,0
977.95,3500,7972,0,976146,56799232,253550592,0
979.37,4096,7972,0,977494,56541184,253100032,0
980.94,2156,7972,0,979398,54935552,252227584,0
982.50,2452,7972,0,980194,57569280,256757760,0
983.93,3836,7976,0,981239,59383808,259489792,0
985.33,2280,7976,0,982904,58650624,258056192,0
986.76,5548,7976,0,984292,59809792,258072576,0
988.29,2564,7972,0,986239,58687488,255578112,0
989.85,6216,7972,0,987560,58527744,254832640,0
991.14,4488,7972,0,988553,59330560,256356352,0
992.55,3752,7972,0,990066,58302464,254390272,0
994.05,4220,7976,0,991168,59240448,256290816,0
995.47,4556,7972,0,992906,58699776,256057344,0
997.26,2396,7968,0,993450,61915136,262967296,0
998.70,4400,7968,0,994930,61841408,262213632,0
1000.12,2772,7980,0,996289,62627840,262713344,0
1001.76,4568,7972,0,997652,62435328,262946816,0
1003.12,5352,7976,0,999938,58638336,255647744,0
1004.47,2952,7972,0,1000665,60555264,259309568,0
1005.88,2408,7972,0,1001769,61333504,260648960,0
1007.29,3768,7976,0,1003069,61128704,261046272,0
1008.80,2368,7976,0,1005149,60358656,258297856,0
1010.29,3832,7976,0,1006628,58257408,256405504,0
1011.70,2780,7976,0,1008058,57864192,256884736,0
1013.16,3416,7976,0,1009821,56918016,255504384,0
1014.58,2196,7992,0,1010960,55533568,260145152,0
1016.10,2564,8020,0,1011762,56516608,264433664,0
1017.64,2636,8020,0,1013564,57188352,262598656,0
1019.05,3268,8012,0,1016150,57245696,256278528,0
1020.60,2488,8012,0,1017202,60022784,261025792,0
1022.53,5376,8000,0,1018520,61644800,264450048,0
1023.88,4276,8012,0,1020704,58863616,260349952,0
1025.25,4496,8008,0,1023029,56143872,254382080,0
1026.62,3472,8008,0,1025044,52924416,249667584,0
1028.04,3412,8004,0,1026514,53362688,249049088,0
1029.43,3544,8004,0,1027900,53321728,249151488,0
1030.83,2072,8004,0,1029488,54157312,251019264,0
1032.53,4808,8012,0,1031154,52736000,248344576,0
1033.83,3128,8008,0,1031821,54018048,253804544,0
1035.51,6132,8004,0,1032966,55427072,255987712,0
1036.90,2600,8000,0,1035166,53817344,253575168,0
1038.71,3548,8000,0,1036517,54116352,255094784,0
1040.14,4644,8008,0,1037658,54411264,255655936,0
1041.59,2344,8004,0,1039278,53805056,255528960,0
1043.04,2428,8004,0,1040693,53129216,256028672,0
1044.48,6004,8004,0,1042117,53936128,256020480,0
1045.77,2468,8004,0,1043224,53813248,257327104,0
1047.15,2892,8004,0,1044773,55099392,256720896,0
1048.55,7332,8008,0,1045988,55857152,257044480,0
1049.85,2848,8004,0,1047780,55885824,254500864,0
1051.45,2424,8000,0,1048581,59117568,259641344,0
1053.05,2708,7996,0,1049323,63545344,267001856,0
1054.50,4688,7996,0,1050687,64278528,265629696,0
1055.89,4396,7996,0,1052241,63291392,262864896,0
1057.25,2700,8004,0,1054055,60682240,260775936,0
1058.84,3916,8000,0,1055375,60665856,260931584,0
1060.28,4684,8000,0,1057216,59518976,257077248,0
1061.59,4072,7996,0,1058599,58306560,256487424,0
1062.91,4696,8000,0,1060368,57008128,253001728,0
1064.38,3376,8008,0,1061059,57569280,253476864,0
1065.76,3436,8000,0,1062051,58302464,254005248,0
1067.15,5036,8000,0,1063361,57819136,252952576,0
1068.45,2512,7980,0,1064866,57606144,251969536,0
1069.97,2288,7980,0,1065623,60514304,257007616,0
1071.65,2156,7980,0,1065962,64471040,267010048,0
1073.68,3152,7996,0,1067834,63029248,266973184,0
1075.16,5008,7996,0,1070198,60006400,259866624,0
1076.54,2792,7996,0,1072086,57778176,258564096,0
1078.27,4840,7996,0,1073930,55611392,255246336,0
1079.70,3476,7996,0,1075577,55537664,252555264,0
1081.20,3756,7996,0,1076142,57376768,259260416,0
1082.69,3664,7996,0,1077728,58429440,259506176,0
1084.08,3104,7992,0,1078845,59772928,260632576,0
1085.48,3228,7992,0,1079901,60710912,261816320,0
1087.24,3472,7992,0,1082269,58335232,254562304,0
1088.72,4800,7992,0,1084440,55836672,250863616,0
1090.29,4392,8000,0,1086019,54042624,247578624,0
1091.63,4220,7996,0,1087205,53395456,247066624,0
1093.09,2204,7992,0,1088373,56217600,255086592,0
1095.17,3840,7992,0,1089781,56348672,254828544,0
1096.59,2764,7992,0,1090961,56684544,255524864,0
1098.01,2420,7984,0,1092316,58306560,257048576,0
1099.41,3272,7992,0,1093306,59215872,258650112,0
1100.82,3624,7984,0,1094440,60416000,260247552,0
1102.33,2264,7976,0,1095363,63275008,264970240,0
1104.18,5312,7992,0,1096542,64630784,267358208,0
1105.61,2952,8000,0,1097612,65216512,270315520,0
1107.07,6648,8016,0,1099428,63492096,266215424,0
1108.39,5896,8000,0,1101938,58765312,257781760,0
1109.69,2368,8000,0,1103105,59019264,259350528,0
1111.47,2276,8004,0,1103417,65191936,270745600,0
1113.29,5960,8024,0,1104889,65822720,270188544,0
1114.68,3556,8016,0,1106757,63111168,265523200,0
1116.12,4796,8016,0,1108021,63729664,265576448,0
1117.53,4340,8016,0,1109471,63082496,263958528,0
1118.88,3916,8008,0,1111251,61218816,259608576,0
1120.28,3152,8008,0,1112599,61399040,259715072,0
1121.72,2724,8008,0,1113105,64147456,265998336,0
1123.14,4668,8012,0,1114485,64520192,264990720,0
1124.56,3024,8008,0,1116457,61222912,261353472,0
1126.03,3128,8004,0,1117861,60370944,259276800,0
1127.44,2456,8004,0,1119193,59396096,258453504,0
1128.86,3892,8004,0,1120249,60239872,259293184,0
1130.31,2308,8000,0,1121771,59125760,258428928,0
1131.78,4076,8004,0,1123599,57663488,254554112,0
1133.15,3988,8004,0,1125254,56971264,250818560,0
1134.59,4016,8004,0,1126509,55222272,250429440,0
1135.98,4028,8004,0,1127516,56283136,250699776,0
1137.39,2184,8012,0,1128631,56856576,250765312,0
1138.80,4524,8012,0,1130024,56311808,249233408,0
1140.13,4628,8012,0,1131174,57184256,249815040,0
1141.54,2548,8008,0,1132603,56537088,249614336,0
1142.97,3672,8000,0,1133566,56913920,251150336,0
1144.37,2560,8000,0,1134626,57221120,252706816,0
1145.77,4468,8000,0,1136017,57069568,252461056,0
1147.26,2092,8000,0,1136999,60084224,258588672,0
1149.21,2236,7996,0,1137411,63619072,267657216,0
1150.87,2180,8004,0,1138645,64262144,269443072,0
1152.30,5916,8016,0,1139884,64425984,269819904,0
1153.66,4024,8016,0,1142195,60211200,261419008,0
1155.07,2184,8012,0,1144322,57135104,257327104,0
1156.84,5104,8012,0,1144996,59424768,261365760,0
1158.20,4332,8016,0,1146620,58925056,258830336,0
1159.56,2932,8016,0,1148510,57131008,256045056,0
1161.07,3348,8008,0,1149099,60661760,261095424,0
1162.62,3584,8008,0,1150135,61526016,262729728,0
1164.03,4208,8008,0,1151490,61456384,263274496,0
1165.46,4380,8012,0,1152564,62058496,262852608,0
1166.76,4680,8012,0,1154696,58032128,256008192,0
1168.18,2380,7984,0,1156051,57458688,257105920,0
1169.74,2748,7996,0,1156618,60166144,262332416,0
1171.20,4716,7996,0,1157515,60997632,264200192,0
1172.65,4424,8008,0,1159129,60182528,261103616,0
1173.96,4732,8008,0,1159840,61231104,265322496,0
1176.06,6312,8008,0,1161542,60743680,262971392,0
1177.63,4228,8004,0,1162912,60870656,262594560,0
1179.10,3272,8008,0,1164228,60751872,262201344,0
1180.55,2536,8004,0,1165541,60993536,261828608,0
1181.98,2144,8004,0,1166199,64352256,268111872,0
1184.06,7692,8012,0,1167730,63602688,266899456,0
1185.52,4476,8008,0,1168790,63627264,266936320,0
1186.97,5876,8012,0,1170624,60874752,262684672,0
1188.34,2372,8012,0,1173334,56135680,254201856,0
1189.73,2828,8012,0,1174630,56668160,257200128,0
1191.96,2052,8012,0,1175077,64647168,270053376,0
1193.72,4212,8024,0,1177116,64286720,264699904,0
1195.06,2856,8016,0,1178856,61935616,262057984,0
1196.47,6008,8024,0,1180560,60235776,257720320,0
1197.81,4112,8024,0,1182133,59523072,255918080,0
1199.24,2436,8024,0,1183168,60174336,259948544,0
1200.93,4948,8020,0,1184129,60764160,261509120,0
1202.29,3760,8016,0,1185689,59232256,259035136,0
1203.68,4668,8020,0,1187038,59994112,258916352,0
1205.20,3320,8020,0,1187981,60596224,259641344,0
1206.59,4372,8012,0,1189068,61116416,261046272,0
1208.14,2132,8016,0,1191176,61177856,259989504,0
1209.58,4276,8016,0,1192853,61255680,258007040,0
1211.00,3260,8016,0,1194246,61943808,259219456,0
1212.44,3756,8012,0,1195682,61812736,259260416,0
1213.89,2764,8008,0,1196886,61599744,262590464,0
1215.91,5316,8008,0,1199350,57999360,255057920,0
1217.30,2592,8008,0,1200329,59289600,258449408,0
1218.74,4420,8008,0,1201788,59588608,257241088,0
1220.20,3888,8008,0,1203897,56741888,251449344,0
1221.80,2368,8004,0,1205230,61734912,260689920,0
1224.14,3580,8004,0,1206938,60862464,259260416,0
1225.61,2540,8000,0,1208450,59023360,257286144,0
1227.04,5512,8000,0,1209490,59490304,259223552,0
1228.49,4000,8000,0,1211826,55799808,252661760,0
1229.95,2344,7996,0,1212207,59891712,261398528,0
1231.99,7148,7996,0,1212466,61206528,266182656,0
1233.31,4936,8000,0,1213587,61026304,261877760,0
1234.67,3928,7996,0,1214944,57810944,260886528,0
1235.97,4704,8012,0,1216340,56586240,258613248,0
1237.42,2240,8016,0,1218035,54775808,257400832,0
1239.05,5164,8016,0,1219384,54583296,255680512,0
1240.36,4492,8016,0,1219873,54415360,254763008,0
1241.71,3948,8020,0,1220507,55705600,257957888,0
1243.16,3704,8020,0,1221592,57638912,259276800,0
1244.62,5616,8016,0,1222978,58355712,257351680,0
1246.05,3712,8024,0,1224140,60145664,259874816,0
1247.46,3848,8020,0,1225740,59314176,258736128,0
1248.85,2672,8020,0,1227090,59629568,258977792,0
1250.27,2960,8020,0,1228137,59645952,261754880,0
1251.70,3672,8020,0,1229893,60444672,260370432,0
1253.09,3228,8024,0,1231043,60993536,262443008,0
1254.50,4656,8028,0,1231920,61415424,261906432,0
1255.83,4152,8020,0,1233083,62111744,262717440,0
1257.37,3744,8020,0,1234783,62664704,260849664,0
1258.82,3804,8020,0,1236657,60915712,257122304,0
1260.26,2384,8020,0,1238183,60776448,255877120,0
1261.66,4880,8020,0,1239573,59625472,255291392,0
1263.04,5216,8020,0,1240834,58650624,253652992,0
1264.34,2300,8020,0,1242755,57176064,252952576,0
1266.40,2624,8016,0,1242948,60620800,262578176,0
1267.85,2104,8016,0,1243872,62431232,267010048,0
1269.53,2344,8036,0,1245035,62193664,268234752,0
1271.01,4580,8036,0,1246079,62521344,269209600,0
1272.61,2520,8040,0,1248675,59424768,262488064,0
1274.11,4980,8032,0,1249260,60940288,266104832,0
1275.64,6148,8032,0,1251102,60796928,262041600,0
1276.98,4288,8032,0,1252293,60735488,261320704,0
1278.36,3636,8032,0,1253276,60694528,262844416,0
1279.76,5652,8032,0,1254864,59240448,260096000,0
1281.15,2320,8024,0,1256056,62017536,264568832,0
1282.96,3056,8024,0,1257410,61485056,264007680,0
1284.38,3736,8024,0,1258851,61497344,262787072,0
1285.76,5664,8024,0,1259724,62455808,265388032,0
1287.05,3376,8028,0,1260795,61739008,265723904,0
1288.48,4176,8028,0,1262740,59994112,259731456,0
1289.77,2388,8020,0,1264705,58191872,258412544,0
1291.75,2376,8020,0,1265130,62750720,267436032,0
1293.35,4468,8028,0,1267008,60805120,263843840,0
1294.91,2500,8028,0,1268084,59731968,264155136,0
1296.80,3220,8032,0,1269197,59695104,262418432,0
1298.24,4576,8028,0,1270568,59805696,260747264,0
1299.96,2536,8028,0,1272693,59162624,259215360,0
1301.98,2064,8028,0,1273636,61046784,265306112,0
1303.82,4512,8036,0,1274876,62898176,268599296,0
1305.11,4072,8036,0,1277117,59072512,263327744,0
1306.48,4484,8036,0,1279445,57118720,256065536,0
1307.85,2292,8032,0,1279950,59408384,263634944,0
1309.57,4400,8028,0,1280741,60731392,267317248,0
1310.95,3732,8044,0,1281967,60698624,268333056,0
1312.35,2612,8048,0,1284540,59113472,261181440,0
1313.81,4700,8044,0,1285891,60010496,261058560,0
1315.32,4068,8040,0,1287319,60469248,260689920,0
1316.72,4620,8036,0,1288186,60604416,263725056,0
1318.08,5732,8036,0,1289886,58843136,260415488,0
1319.48,3732,8036,0,1290806,59396096,262492160,0
1320.89,3124,8044,0,1291863,60485632,265297920,0
1322.38,3624,8040,0,1292847,62509056,267517952,0
1323.78,4268,8040,0,1294050,62484480,267366400,0
1325.14,6036,8044,0,1295258,61300736,264093696,0
1326.44,4508,8044,0,1297235,58519552,258768896,0
1327.83,4364,8048,0,1298669,58048512,254771200,0
1329.16,3432,8048,0,1299535,59641856,256913408,0
1330.57,5184,8044,0,1300120,60088320,257748992,0
1331.88,4464,8040,0,1300757,60276736,259104768,0
1333.40,2488,8036,0,1302375,61706240,263073792,0
1335.26,3952,8036,0,1303944,61968384,265211904,0
1336.69,4536,8036,0,1305750,61231104,262123520,0
1338.07,4968,8040,0,1306912,59830272,261890048,0
1339.40,3868,8036,0,1308484,58904576,259510272,0
1340.95,2164,8032,0,1310559,54132736,256839680,0
1342.78,2844,8032,0,1311570,57794560,261763072,0
1344.18,4520,8036,0,1313915,55635968,254963712,0
1345.62,2368,8028,0,1314702,59047936,263176192,0
1347.32,2204,8032,0,1316087,59404288,263958528,0
1348.76,3792,8032,0,1317342,59305984,264613888,0
1350.14,5736,8032,0,1318862,59072512,263790592,0
1351.58,3328,8032,0,1319883,58966016,262881280,0
1352.97,2252,8036,0,1322512,55894016,257089536,0
1354.37,3160,8032,0,1324512,56958976,256753664,0
1355.76,3580,8032,0,1325907,55140352,254996480,0
1357.19,4608,8032,0,1326935,56324096,256512000,0
1358.57,2488,8012,0,1328573,57217024,259039232,0
1360.47,5404,8016,0,1330018,55623680,255107072,0
1361.77,2180,8016,0,1331019,56832000,258723840,0
1363.52,2376,8024,0,1332176,58855424,263757824,0
1365.03,4628,8024,0,1333479,59535360,262828032,0
1366.32,5036,8024,0,1335545,57548800,257687552,0
1367.72,2996,8024,0,1336698,58728448,262250496,0
1369.31,3980,8028,0,1337766,59805696,263667712,0
1370.73,3572,8032,0,1340167,57970688,258019328,0
1372.10,2548,8032,0,1341888,55873536,254181376,0
1373.45,4264,8032,0,1343716,53649408,250175488,0
1374.97,6080,8032,0,1344349,55078912,255844352,0
1376.36,3208,8032,0,1345632,56455168,258068480,0
1377.85,3144,8028,0,1347057,57462784,259829760,0
1379.40,2636,8024,0,1348933,57090048,259485696,0
1380.95,3248,8024,0,1349954,57581568,260509696,0
1382.35,3460,8024,0,1351352,57622528,260382720,0
1383.71,3364,8024,0,1352449,58900480,262823936,0
1385.12,4848,8028,0,1353589,59314176,260915200,0
1386.44,2540,8028,0,1355447,56963072,257630208,0
1387.86,3908,8028,0,1356639,56504320,257089536,0
1389.24,4128,8028,0,1358337,55648256,253595648,0
1390.62,2360,8024,0,1359426,57114624,256913408,0
1392.21,4344,8024,0,1361451,55238656,252358656,0
1394.08,2340,8024,0,1361969,58130432,260952064,0
1395.83,2248,8056,0,1362308,61620224,268124160,0
1397.21,3900,8048,0,1364001,62095360,265379840,0
1398.52,2196,8048,0,1365286,62504960,267276288,0
1400.26,2376,8048,0,1366810,63635456,269250560,0
1401.81,3620,8048,0,1368444,64016384,267911168,0
1403.20,2236,8048,0,1370374,61063168,264159232,0
1405.07,2512,8048,0,1371629,63606784,268369920,0
1406.49,4244,8048,0,1373595,61931520,265093120,0
1407.85,2428,8048,0,1375470,59858944,265232384,0
1409.51,5936,8052,0,1376509,60235776,266424320,0
1410.85,4612,8056,0,1379595,56619008,255770624,0
1412.15,3356,8052,0,1381360,56279040,253976576,0
1414.00,2444,8040,0,1381938,57942016,260112384,0
1415.49,2976,8040,0,1383186,59043840,262066176,0
1416.89,7180,8048,0,1384256,61239296,264077312,0
1418.19,4072,8048,0,1386313,60420096,259149824,0
1419.52,3812,8048,0,1387687,58904576,257077248,0
1420.92,3032,8048,0,1388712,59895808,260513792,0
1422.33,2208,8040,0,1389514,60329984,262955008,0
1423.79,2808,8040,0,1390838,59518976,263122944,0
1425.22,2768,8040,0,1391878,60784640,265117696,0
1426.67,2336,8040,0,1394150,60559360,262959104,0
1428.13,2356,8040,0,1395941,59723776,261402624,0
1429.49,4220,8044,0,1397190,59527168,260956160,0
1430.91,2700,8040,0,1397847,60342272,261554176,0
1432.29,5364,8040,0,1399519,59392000,259272704,0
1433.63,2172,8040,0,1402030,57667584,256872448,0
1435.31,4448,8044,0,1403655,57548800,254750720,0
1436.65,3304,8044,0,1405456,55517184,252604416,0
1438.15,2216,8040,0,1406091,58990592,258990080,0
1439.60,4176,8040,0,1407534,58531840,259690496,0
1440.99,4804,8040,0,1408991,56889344,260988928,0
1442.34,2216,8040,0,1411713,53571584,255320064,0
1443.92,6580,8048,0,1413309,51855360,254271488,0
1445.27,2648,8044,0,1414505,53723136,255410176,0
1446.66,3876,8044,0,1415761,54624256,254267392,0
1448.05,4800,8044,0,1417305,54779904,253296640,0
1449.41,7064,8044,0,1419085,53338112,250556416,0
1450.72,2436,8040,0,1420766,52809728,249446400,0
1452.24,2368,8036,0,1421563,55717888,256909312,0
1454.46,5576,8036,0,1422981,56967168,260448256,0
1455.83,2260,8036,0,1425466,54484992,256573440,0
1457.37,5424,8036,0,1427018,53768192,255037440,0
1459.52,3984,8032,0,1429215,51118080,248913920,0
1460.92,2192,8036,0,1430012,54771712,257241088,0
1462.59,1204,8036,0,1431582,53252096,255909888,0
1464.10,2836,8032,0,1432823,53886976,257261568,0
1465.44,4168,8032,0,1434661,52834304,254697472,0
1467.05,2372,8036,0,1436372,52383744,256913408,0
1468.70,2308,8052,0,1437543,53006336,260108288,0
1470.41,7920,8076,0,1438584,54112256,262336512,0
1471.77,2136,8076,0,1440375,53149696,261402624,0
1473.33,4516,8076,0,1441588,53510144,259514368,0
1474.64,5000,8080,0,1443440,50241536,254996480,0
1475.93,4108,8076,0,1445273,49389568,252620800,0
1477.27,4028,8068,0,1446484,51404800,253308928,0
1478.69,4172,8072,0,1447494,53309440,256892928,0
1480.31,2720,8068,0,1449426,52473856,253927424,0
1481.69,4704,8068,0,1450624,53223424,254767104,0
1483.08,2348,8064,0,1451564,57806848,260714496,0
1484.96,2320,8064,0,1452036,61419520,268214272,0
1486.37,4296,8072,0,1452945,61272064,268226560,0
1487.68,4040,8068,0,1454262,61497344,266772480,0
1489.09,3888,8068,0,1456133,59699200,264019968,0
1490.60,3520,8060,0,1457625,59346944,263098368,0
1492.01,2548,8064,0,1458768,58929152,264630272,0
1493.40,5152,8064,0,1461198,56131584,256798720,0
1494.70,4536,8060,0,1463355,53145600,250302464,0
1496.22,2204,8056,0,1464400,55631872,255823872,0
1498.35,2384,8052,0,1465628,58183680,259555328,0
1499.78,4552,8044,0,1467414,56508416,256237568,0
1501.49,5576,8044,0,1468601,56926208,256864256,0
1502.94,4448,8036,0,1471031,52977664,249057280,0
1504.26,2624,8036,0,1471607,55734272,255569920,0
1505.79,3804,8032,0,1472521,56578048,258830336,0
1507.22,2412,8032,0,1473972,56795136,259518464,0
1508.95,3512,8048,0,1475234,57475072,261881856,0
1510.35,2528,8044,0,1477305,54788096,256053248,0
1511.87,4500,8044,0,1478576,56664064,256884736,0
1513.25,4772,8040,0,1479685,58593280,259440640,0
1514.70,2360,8036,0,1481165,59011072,261287936,0
1516.29,4956,8044,0,1482169,61218816,263979008,0
1517.99,3148,8048,0,1484443,62152704,265117696,0
1519.39,4976,8048,0,1485560,62373888,266280960,0
1520.77,2612,8032,0,1486678,62865408,267677696,0
1522.15,3576,8036,0,1488091,62590976,266960896,0
1523.57,2584,8036,0,1489896,62464000,267563008,0
1524.95,4580,8040,0,1490838,63115264,269021184,0
1526.27,2376,8044,0,1492359,62644224,267005952,0
1527.62,5032,8036,0,1494037,61218816,263708672,0
1528.94,4892,8036,0,1494835,62423040,265641984,0
1530.36,5612,8036,0,1496821,60391424,261451776,0
1531.79,2824,8036,0,1498771,58351616,257007616,0
1533.19,4400,8044,0,1499792,56995840,256724992,0
1534.54,3644,8028,0,1501865,53678080,251629568,0
1535.97,4484,8028,0,1503658,51101696,249413632,0
1537.38,3692,8028,0,1505212,50974720,248090624,0
1538.90,2820,8028,0,1506582,53768192,254246912,0
1540.99,3128,8044,0,1507332,56025088,259358720,0
1542.50,2304,8056,0,1508716,56856576,261136384,0
1543.96,4524,8056,0,1509776,58073088,263794688,0
1545.35,3296,8056,0,1511331,57266176,262316032,0
1546.77,2784,8052,0,1512656,57724928,262586368,0
1548.16,2560,8056,0,1515252,55336960,256618496,0
1549.79,4368,8052,0,1516043,57352192,261611520,0
1551.24,5468,8060,0,1517724,56848384,259563520,0
1552.55,3572,8052,0,1519450,55881728,257679360,0
1553.91,2924,8052,0,1521220,55083008,256290816,0
1555.35,4096,8052,0,1522328,55705600,256823296,0
1556.72,4072,8052,0,1524447,53362688,251899904,0
1558.20,5696,8056,0,1526174,52658176,249790464,0
1559.51,5488,8056,0,1527564,52523008,249217024,0
1560.94,3440,8052,0,1529381,52031488,246824960,0
1562.36,2756,8052,0,1530227,55312384,255664128,0
1564.43,3112,8052,0,1530828,58331136,262549504,0
1565.86,2936,8056,0,1532192,59068416,263073792,0
1567.28,5144,8052,0,1534240,58609664,259862528,0
1568.69,3272,8052,0,1536413,58191872,257056768,0
1570.24,2992,8052,0,1537180,59858944,263598080,0
1571.73,3952,8052,0,1538979,59162624,261238784,0
1573.13,5444,8064,0,1540972,55336960,256847872,0
1574.42,2468,8064,0,1542009,55996416,259727360,0
1575.92,3100,8064,0,1542803,57262080,262893568,0
1577.33,4228,8064,0,1544929,55599104,258035712,0
1578.75,2428,8068,0,1545330,59502592,265502720,0
1580.72,3876,8068,0,1546311,59768832,264429568,0
1582.11,4276,8076,0,1548517,56885248,257699840,0
1583.62,2360,8092,0,1550154,56745984,259428352,0
1585.53,3780,8088,0,1551819,56958976,259256320,0
1586.96,3384,8088,0,1553273,57655296,259551232,0
1588.36,2752,8088,0,1554098,60637184,265043968,0
1589.84,3484,8092,0,1555725,59826176,263249920,0
1591.22,3972,8088,0,1557585,60030976,260599808,0
1592.65,2608,8088,0,1558993,58097664,260608000,0
1594.10,2576,8088,0,1559956,58613760,263442432,0
1595.54,3296,8088,0,1561468,59195392,264859648,0
1597.14,4076,8088,0,1563019,58814464,263553024,0
1598.53,3824,8092,0,1564238,58327040,262774784,0
1599.83,5184,8088,0,1566441,56070144,256987136,0
1601.16,4084,8088,0,1567515,58101760,259686400,0
1602.57,4652,8088,0,1568487,58200064,260833280,0
1603.95,2272,8084,0,1570852,55713792,257163264,0
1605.88,3084,8076,0,1571417,59613184,264257536,0
1607.46,4012,8080,0,1573040,58142720,261087232,0
1608.89,4584,8076,0,1574202,58249216,260980736,0
1610.20,2372,8076,0,1575798,58658816,261124096,0
1611.90,3392,8076,0,1576321,61468672,268087296,0
1613.29,4240,8088,0,1578213,60223488,263749632,0
1614.65,3112,8088,0,1579141,61956096,267919360,0
1616.12,3484,8088,0,1581073,59793408,262983680,0
1617.46,2320,8088,0,1582552,58974208,262373376,0
1618.80,3256,8088,0,1585102,56877056,254947328,0
1620.21,2312,8088,0,1586230,57741312,257490944,0
1621.68,4016,8092,0,1587550,57556992,257736704,0
1623.08,4900,8092,0,1589395,56315904,254717952,0
1624.49,3136,8088,0,1590564,56102912,254877696,0
1625.89,4536,8088,0,1591694,55660544,255590400,0
1627.31,2112,8088,0,1593231,55422976,257224704,0
1629.02,3916,8088,0,1593976,56352768,258777088,0
1630.50,2524,8092,0,1594967,57413632,262336512,0
1631.87,3884,8088,0,1597086,54689792,255930368,0
1633.23,4300,8088,0,1598574,54325248,254603264,0
1634.68,2204,8088,0,1599742,55881728,258703360,0
1636.55,2768,8088,0,1600512,58249216,263745536,0
1637.99,2692,8092,0,1601970,58511360,263438336,0
1639.39,5328,8088,0,1603336,58236928,264073216,0
1640.79,5460,8088,0,1605640,56315904,257335296,0
1642.10,4416,8088,0,1607778,53391360,250548224,0
1643.44,3640,8088,0,1608996,53731328,251613184,0
1644.82,3368,8096,0,1610452,53686272,250396672,0
1646.36,2224,8096,0,1611416,54841344,256020480,0
1648.21,3544,8088,0,1613097,56328192,258904064,0
1649.72,4156,8088,0,1614706,56844288,258355200,0
1651.35,2352,8076,0,1616100,58839040,260743168,0
1653.06,2224,8072,0,1617855,59777024,262811648,0
1654.55,2200,8076,0,1619083,59912192,264003584,0
1655.98,4792,8072,0,1620636,59478016,263094272,0
1657.42,3860,8072,0,1621530,59650048,263827456,0
1658.72,4724,8072,0,1624435,54390784,255905792,0
1660.34,2264,8072,0,1624921,58224640,264224768,0
1661.91,3768,8088,0,1626673,57589760,262533120,0
1663.28,4264,8092,0,1628579,59445248,260964352,0
1664.60,4432,8088,0,1630649,56856576,256954368,0
1666.10,2368,8080,0,1631607,58204160,260845568,0
1667.72,2464,8076,0,1633473,57262080,260292608,0
1669.24,6860,8076,0,1634455,58474496,261758976,0
1670.54,4344,8076,0,1636880,54546432,254230528,0
1671.91,4096,8076,0,1638693,53923840,251330560,0
1673.52,2624,8072,0,1639194,59740160,262557696,0
1675.38,3752,8080,0,1640022,61587456,266321920,0
1676.79,5132,8080,0,1641762,59838464,263532544,0
1678.16,2612,8084,0,1643372,59031552,261246976,0
1679.59,3648,8084,0,1646102,57700352,256139264,0
1680.95,5452,8080,0,1647414,56000512,254529536,0
1682.95,3476,8076,0,1648843,55492608,254304256,0
1684.33,3636,8076,0,1650179,55955456,254525440,0
1685.85,4972,8072,0,1650961,56987648,257748992,0
1687.25,5104,8072,0,1652351,56393728,256622592,0
1688.68,4228,8076,0,1652905,58884096,261357568,0
1690.05,3080,8080,0,1654359,57573376,260141056,0
1691.45,2924,8076,0,1655246,59043840,264065024,0
1693.00,2752,8084,0,1657058,59105280,264343552,0
1694.43,4860,8084,0,1658666,60493824,263217152,0
1695.77,4380,8084,0,1660366,57593856,260501504,0
1697.18,3132,8092,0,1661524,59060224,263286784,0
1698.56,6372,8088,0,1663844,55123968,255483904,0
1699.87,5696,8080,0,1665540,52580352,250540032,0
1701.19,4168,8080,0,1666869,52211712,250269696,0
1702.62,3904,8080,0,1667949,54079488,252944384,0
1704.05,3744,8088,0,1669169,56070144,254910464,0
1705.68,4240,8088,0,1670418,56901632,254386176,0
1707.00,4496,8080,0,1672162,54902784,252825600,0
1708.57,2388,8080,0,1672641,57556992,260276224,0
1709.99,4768,8084,0,1674275,56168448,257736704,0
1711.29,5224,8088,0,1676732,53735424,253116416,0
1712.57,2196,8080,0,1677865,55336960,257593344,0
1714.58,3484,8084,0,1678870,57380864,261943296,0
1715.96,3360,8084,0,1679610,59248640,265719808,0
1717.37,4540,8092,0,1681376,59498496,265052160,0
1718.78,4140,8100,0,1682403,60260352,267407360,0
1720.21,2820,8100,0,1684581,57942016,263409664,0
1721.65,2776,8092,0,1685749,59060224,264429568,0
1723.08,2692,8096,0,1687317,59125760,263069696,0
1724.47,4356,8096,0,1688801,61022208,262328320,0
1725.87,2496,8092,0,1689848,61911040,267264000,0
1727.70,3620,8096,0,1691546,61169664,264105984,0
1729.12,2308,8096,0,1692664,61554688,266838016,0
1730.58,2304,8100,0,1694985,58249216,261861376,0
1732.37,4132,8100,0,1696660,58830848,260374528,0
1733.84,3608,8100,0,1698234,58253312,259272704,0
1735.24,2408,8100,0,1699921,58281984,259002368,0
1736.87,4076,8104,0,1701287,58064896,256397312,0
1738.24,2320,8100,0,1702915,60805120,261222400,0
1739.84,2472,8100,0,1704460,60055552,261988352,0
1741.28,2276,8100,0,1705228,61841408,265355264,0
1742.71,2108,8096,0,1706499,62750720,267898880,0
1744.30,4028,8096,0,1708177,61431808,264581120,0
1745.69,4056,8100,0,1710147,58871808,261771264,0
1747.14,4548,8096,0,1711241,58875904,262410240,0
1748.48,4672,8096,0,1713294,58638336,259960832,0
1750.04,4472,8096,0,1714618,59486208,260608000,0
1751.78,2768,8092,0,1715311,60243968,264626176,0
1753.39,6872,8100,0,1716587,60801024,265355264,0
1754.73,4396,8092,0,1718031,60997632,263929856,0
1756.12,2156,8096,0,1719133,60612608,265781248,0
1757.60,4228,8096,0,1720414,60227584,263610368,0
1758.95,4664,8096,0,1722240,57352192,261410816,0
1760.44,5200,8104,0,1723901,56029184,259080192,0
1761.91,3664,8104,0,1725448,55857152,257089536,0
1763.33,4076,8100,0,1727253,54104064,253693952,0
1764.74,5788,8100,0,1728041,55570432,256282624,0
1766.13,4328,8100,0,1729369,55840768,256462848,0
1767.52,4580,8100,0,1730549,57229312,258248704,0
1768.92,5112,8096,0,1732247,56852480,255074304,0
1770.30,4540,8096,0,1733363,56504320,255713280,0
1771.68,4312,8096,0,1735117,54960128,252362752,0
1773.11,2296,8096,0,1735709,56659968,257642496,0
1774.53,3588,8096,0,1737271,55713792,256241664,0
1775.95,3808,8096,0,1738635,55336960,255819776,0
1777.43,2088,8096,0,1740140,56582144,258002944,0
1779.10,5156,8096,0,1741664,56528896,255856640,0
1780.47,2256,8092,0,1743201,57311232,256389120,0
1781.93,3688,8092,0,1744055,58564608,259915776,0
1783.50,2408,8092,0,1745308,59174912,261079040,0
1784.93,3996,8100,0,1746102,60846080,265695232,0
1786.33,3308,8096,0,1748188,58142720,259649536,0
1787.66,2288,8092,0,1750018,56852480,258461696,0
1789.35,4024,8092,0,1751394,56897536,256499712,0
1790.73,3400,8088,0,1753112,56823808,257490944,0
1792.14,4252,8092,0,1754522,57679872,257171456,0
1793.57,3744,8088,0,1755932,57602048,256049152,0
1795.03,3216,8088,0,1757696,54800384,250777600,0
1796.39,3176,8084,0,1758811,55828480,253296640,0
1797.90,3988,8084,0,1759413,57274368,256929792,0
1799.34,3784,8092,0,1760641,56733696,256659456,0
1800.74,4428,8088,0,1761631,57536512,258461696,0
1802.21,4476,8096,0,1763340,57217024,253108224,0
1803.54,2792,8068,0,1764222,58896384,260202496,0
1805.51,6244,8072,0,1765661,61128704,264712192,0
1806.92,2132,8068,0,1767309,60534784,266039296,0
1808.71,4368,8072,0,1768507,60710912,266428416,0
1810.15,2556,8096,0,1769071,64118784,273240064,0
1812.05,2852,8132,0,1771426,61562880,267804672,0
1813.37,4836,8128,0,1773618,58769408,260898816,0
1814.71,2240,8128,0,1775070,58994688,261648384,0
1816.34,3140,8132,0,1776283,60096512,263176192,0
1817.72,4416,8136,0,1777525,59707392,262279168,0
1819.02,6252,8124,0,1779055,57405440,259420160,0
1820.36,4768,8116,0,1780467,57110528,258396160,0
1822.19,2712,8116,0,1781427,60530688,265240576,0
1823.62,4108,8116,0,1782984,59711488,264101888,0
1825.00,5016,8120,0,1784216,60203008,265256960,0
1826.39,4340,8120,0,1785504,59322368,264638464,0
1827.74,5624,8092,0,1786854,58482688,262799360,0
1829.15,4308,8092,0,1787898,59580416,263184384,0
1830.48,4800,8092,0,1789239,60854272,262631424,0
1831.92,2404,8092,0,1791580,58654720,258736128,0
1833.31,4516,8096,0,1793201,57163776,255942656,0
1834.63,2632,8092,0,1794152,57634816,257744896,0
1836.02,2252,8080,0,1795713,57430016,258404352,0
1837.71,4624,8076,0,1796570,58568704,260546560,0
1839.10,4036,8076,0,1797946,57499648,259252224,0
1840.50,3828,8076,0,1799413,56946688,256737280,0
1841.89,4628,8084,0,1800855,55050240,255827968,0
1843.39,2320,8076,0,1802218,56938496,258793472,0
1845.15,4176,8076,0,1802859,57507840,259674112,0
1846.50,4184,8076,0,1804350,57864192,257241088,0
1847.86,3076,8076,0,1805712,57065472,257089536,0
1849.35,2780,8084,0,1807038,59015168,261586944,0
1851.23,2784,8092,0,1808757,58171392,260079616,0
1852.75,3728,8100,0,1809610,59752448,264146944,0
1854.35,4548,8100,0,1810610,58286080,262524928,0
1855.68,4036,8100,0,1812887,54845440,254844928,0
1857.06,3344,8100,0,1814429,53100544,253841408,0
1858.68,2544,8104,0,1815757,54284288,255111168,0
1860.15,2344,8092,0,1817424,53313536,252198912,0
1861.48,4644,8092,0,1819119,52412416,251011072,0
1862.88,3932,8092,0,1820594,51892224,250617856,0
1864.59,2276,8096,0,1820913,56279040,259833856,0
1866.12,4536,8104,0,1822602,56487936,258469888,0
1867.51,4540,8100,0,1824801,52523008,254496768,0
1868.84,4524,8096,0,1826220,52207616,254533632,0
1870.19,4324,8096,0,1828109,49512448,250388480,0
1871.63,5336,8096,0,1829439,50364416,250744832,0
1872.98,2468,8100,0,1830777,53051392,255811584,0
1874.73,2104,8100,0,1831707,55169024,258887680,0
1876.16,4956,8100,0,1833208,55455744,256299008,0
1877.51,3120,8100,0,1834040,56389632,260591616,0
1878.90,3228,8100,0,1835618,55812096,258859008,0
1880.28,4756,8100,0,1837882,52658176,253075456,0
1881.67,4688,8100,0,1839265,53448704,251838464,0
1883.06,2388,8104,0,1840054,55435264,256495616,0
1884.65,2192,8104,0,1841213,57090048,260562944,0
1886.33,4980,8104,0,1842581,61964288,267980800,0
1887.92,4928,8104,0,1844267,61386752,265162752,0
1889.22,3112,8104,0,1846076,60461056,261558272,0
1890.62,3572,8112,0,1847960,58912768,256737280,0
1892.01,4904,8104,0,1849409,57028608,254365696,0
1893.43,3952,8104,0,1851169,55631872,254459904,0
1894.77,2464,8100,0,1853246,52846592,252899328,0
1896.39,4408,8100,0,1854878,53219328,252370944,0
1897.80,4088,8104,0,1856437,53243904,251023360,0
1899.23,4244,8100,0,1858213,52174848,247988224,0
1900.59,2412,8100,0,1859425,54673408,253239296,0
1902.53,2272,8100,0,1860636,55525376,257712128,0
1904.40,3208,8100,0,1862959,52629504,251170816,0
1905.82,2644,8100,0,1864383,53731328,251375616,0
1907.25,5828,8108,0,1865680,54214656,251727872,0
1908.62,2348,8100,0,1866104,57819136,258555904,0
1910.08,3052,8100,0,1867666,58519552,257642496,0
1911.61,6032,8100,0,1869450,55959552,255606784,0
1912.95,3784,8096,0,1871534,53800960,253513728,0
1914.93,3036,8112,0,1871996,56995840,261242880,0
1916.34,3724,8104,0,1873200,58077184,263135232,0
1917.69,4812,8112,0,1875536,56037376,256081920,0
1919.03,2316,8112,0,1876044,59826176,263524352,0
1920.68,2500,8112,0,1877377,61304832,265781248,0
1922.37,2404,8116,0,1878846,61603840,266555392,0
1923.89,3536,8124,0,1880875,59215872,260820992,0
1925.29,3128,8120,0,1882208,58306560,260653056,0
1926.69,4792,8116,0,1883566,58421248,259551232,0
1928.07,4608,8116,0,1885308,55943168,255500288,0
1929.42,4972,8116,0,1886891,56147968,252973056,0
1930.80,2604,8116,0,1888141,54562816,253612032,0
1932.20,6640,8124,0,1889833,55463936,254443520,0
1933.63,4632,8120,0,1891279,56741888,254738432,0
1935.05,2392,8116,0,1892494,56733696,255512576,0
1936.56,2724,8116,0,1893683,58306560,258035712,0
1937.96,3200,8124,0,1894745,59457536,261373952,0
1939.38,5908,8124,0,1896066,59457536,261304320,0
1940.76,3596,8120,0,1897250,60366848,264896512,0
1942.17,4696,8120,0,1898918,59392000,262778880,0
1943.50,6436,8116,0,1900502,58290176,261042176,0
1945.07,2076,8120,0,1902401,58028032,260685824,0
1946.68,2140,8116,0,1904104,57511936,261160960,0
1948.21,3600,8116,0,1906186,54161408,258576384,0
1949.63,3820,8116,0,1907816,54456320,256835584,0
1951.03,2340,8112,0,1909823,53706752,253669376,0
1952.45,3320,8112,0,1910811,55889920,256315392,0
1953.83,3824,8120,0,1913177,53837824,251949056,0
1955.51,2912,8104,0,1913613,59215872,262107136,0
1957.05,4308,8104,0,1915409,59191296,258789376,0
1958.36,3552,8108,0,1917251,57405440,255692800,0
1959.73,4412,8108,0,1919250,55062528,252469248,0
1961.13,2320,8100,0,1920751,54562816,253091840,0
1962.82,4032,8104,0,1922138,54988800,255397888,0
1964.36,2792,8108,0,1924011,58802176,262463488,0
1966.03,2528,8104,0,1925518,58802176,262598656,0
1967.46,5160,8108,0,1926695,59641856,263405568,0
1968.75,4280,8108,0,1929228,57184256,255627264,0
1970.12,2848,8108,0,1930262,57491456,259145728,0
1971.52,2680,8112,0,1932427,56549376,256000000,0
1972.98,3360,8112,0,1933614,57131008,257445888,0
1974.40,3760,8112,0,1934939,58474496,257941504,0
1975.81,2332,8112,0,1936384,59035648,259706880,0
1977.32,5828,8112,0,1938124,59224064,258211840,0
1978.61,4416,8112,0,1939134,60309504,260001792,0
1980.01,2508,8108,0,1940052,61988864,264216576,0
1981.41,5196,8104,0,1941461,62185472,264224768,0
1982.83,3716,8104,0,1943259,60194816,261382144,0
1984.21,4336,8104,0,1945473,59056128,257212416,0
1985.53,2908,8108,0,1946773,58294272,258023424,0
1986.92,3804,8100,0,1949238,55975936,250679296,0
1988.25,2324,8100,0,1950549,55083008,252801024,0
1989.71,2828,8100,0,1951839,55119872,254844928,0
1991.13,6136,8100,0,1953171,55656448,254541824,0
1992.46,3340,8096,0,1955850,53805056,246718464,0
1993.86,4904,8100,0,1957275,52813824,245936128,0
1995.26,2132,8100,0,1958233,54116352,248725504,0
1996.83,5300,8092,0,1958936,55533568,254275584,0
1998.28,5096,8092,0,1960751,54611968,251158528,0
1999.63,2728,8092,0,1961888,56332288,254619648,0
2001.05,3656,8096,0,1963167,57360384,255586304,0
2002.46,4360,8100,0,1964597,56963072,253997056,0
2003.88,2124,8096,0,1966078,56524800,256028672,0
2005.74,2804,8112,0,1966769,59416576,263282688,0
2007.14,4592,8112,0,1968434,59498496,260583424,0
2008.50,4468,8112,0,1970008,59310080,258818048,0
2009.85,5088,8108,0,1971782,57638912,254705664,0
2011.18,4944,8112,0,1973128,57458688,255471616,0
2012.61,2912,8108,0,1973922,58642432,261029888,0
2014.02,3212,8108,0,1976061,55894016,257208320,0
2015.34,2236,8104,0,1977891,54157312,256151552,0
2017.09,2120,8104,0,1979962,53133312,254398464,0
2018.99,4852,8116,0,1980952,55996416,260153344,0
2020.34,3796,8108,0,1983618,54509568,253526016,0
2021.73,2116,8104,0,1984735,54673408,257310720,0
2023.32,2132,8116,0,1985612,55320576,260612096,0
2024.75,3920,8140,0,1986478,56393728,264687616,0
2026.55,4928,8144,0,1988871,54493184,258265088,0
2027.86,3300,8140,0,1990731,53248000,254201856,0
2029.20,4520,8140,0,1992422,52453376,250380288,0
2030.54,3488,8140,0,1993964,53084160,249401344,0
2031.99,4392,8140,0,1995131,56242176,250548224,0
2033.27,4428,8140,0,1996138,57393152,252035072,0
2034.65,4060,8144,0,1997853,56774656,249462784,0
2036.07,5000,8144,0,1999167,56537088,249876480,0
2037.46,4520,8144,0,2000360,56279040,250703872,0
2038.88,4484,8128,0,2001248,56864768,253607936,0
2040.28,4948,8128,0,2002639,57024512,252440576,0
2041.66,4692,8128,0,2003988,57200640,253186048,0
2043.05,4780,8128,0,2005607,56381440,250101760,0
2044.35,3740,8132,0,2007070,55742464,248664064,0
2045.78,4712,8136,0,2008207,55144448,251301888,0
2047.18,4896,8132,0,2009727,54128640,250146816,0
2048.50,3188,8128,0,2011120,53022720,250122240,0
2049.91,4236,8132,0,2012620,52723712,250171392,0
2051.51,2316,8136,0,2013196,56193024,257978368,0
2053.22,3356,8128,0,2014197,58970112,261009408,0
2054.62,4236,8124,0,2015700,58884096,260587520,0
2055.99,5000,8124,0,2017325,58626048,258707456,0
2057.32,4372,8128,0,2018884,58515456,256806912,0
2058.80,3112,8128,0,2020009,59506688,259645440,0
2060.19,5868,8120,0,2021212,59039744,261083136,0
2061.68,3200,8116,0,2023343,56524800,257351680,0
2063.07,3684,8116,0,2024944,56324096,256040960,0
2064.56,2336,8116,0,2025874,55885824,257495040,0
2065.91,4852,8120,0,2027488,56012800,254988288,0
2067.33,4716,8124,0,2029021,55152640,253460480,0
2068.62,4004,8120,0,2031380,52215808,247148544,0
2070.09,2440,8116,0,2032790,52809728,248823808,0
2071.71,5336,8112,0,2033859,53194752,250605568,0
2073.22,2224,8112,0,2035717,55713792,257097728,0
2074.98,5000,8128,0,2037247,57475072,261750784,0
2076.31,3972,8124,0,2039700,56094720,255414272,0
2077.70,3868,8124,0,2041237,56295424,256712704,0
2079.09,3804,8124,0,2043155,56283136,254111744,0
2080.64,5372,8124,0,2044132,55566336,256483328,0
2081.94,5996,8132,0,2045499,55382016,255348736,0
2083.40,2404,8128,0,2047154,55619584,256090112,0
2084.83,2868,8128,0,2048798,55160832,255041536,0
2086.21,2280,8128,0,2049799,56119296,257421312,0
2087.67,3956,8128,0,2051398,56270848,257085440,0
2089.30,4876,8128,0,2053466,54157312,254148608,0
2090.59,3604,8136,0,2055008,53936128,252796928,0
2091.99,2184,8132,0,2056087,55496704,254390272,0
2093.39,3036,8132,0,2057691,55758848,253493248,0
2094.92,3684,8132,0,2058916,56872960,254164992,0
2096.34,3764,8136,0,2060021,57774080,256057344,0
2097.78,3752,8132,0,2061963,56909824,253231104,0
2099.19,3864,8132,0,2063120,57270272,255283200,0
2100.55,4476,8132,0,2064089,57974784,256966656,0
2101.84,3684,8136,0,2065956,55803904,252821504,0
2103.41,5048,8132,0,2066935,58081280,255975424,0
2104.77,4256,8132,0,2068849,57470976,253140992,0
2106.18,3352,8132,0,2070747,56459264,250368000,0
2107.54,4956,8132,0,2072026,55443456,250363904,0
2108.86,3000,8128,0,2073580,54943744,248745984,0
2110.26,3488,8128,0,2074903,54038528,247914496,0
2111.58,5724,8124,0,2076180,53219328,247889920,0
2113.00,4252,8124,0,2077689,52752384,246927360,0
2114.42,3500,8124,0,2079017,51490816,244756480,0
2115.79,3568,8124,0,2080333,51343360,246697984,0
2117.20,3760,8124,0,2081494,51785728,248438784,0
2118.61,2656,8124,0,2082881,51113984,249778176,0
2120.08,5812,8128,0,2084768,49303552,246358016,0
2121.53,4804,8128,0,2086240,48111616,244559872,0
2122.86,2480,8128,0,2088176,51273728,251015168,0
2124.79,2440,8136,0,2089608,55128064,259694592,0
2126.54,5900,8160,0,2090635,56692736,265650176,0
2127.90,4572,8164,0,2092701,54312960,259981312,0
2129.20,4236,8160,0,2094722,52539392,254189568,0
2130.59,2796,8156,0,2096880,49192960,248582144,0
2132.00,2700,8152,0,2097492,51601408,254701568,0
2133.51,4724,8152,0,2098870,52240384,255832064,0
2134.93,3856,8136,0,2100947,52813824,252567552,0
2136.33,2712,8136,0,2101871,54751232,256270336,0
2137.90,2184,8128,0,2103194,55058432,258269184,0
2139.47,5992,8136,0,2104908,54673408,255868928,0
2140.82,3896,8144,0,2106617,52011008,254521344,0
2142.22,4284,8144,0,2108015,51249152,254459904,0
2143.83,2164,8136,0,2110407,51748864,256196608,0
2145.58,4136,8136,0,2111413,53211136,258527232,0
2147.02,2780,8140,0,2113205,51867648,254914560,0
2148.43,4816,8140,0,2114832,51601408,252841984,0
2149.87,2880,8140,0,2115454,53911552,258719744,0
2151.26,3460,8140,0,2117197,53993472,256614400,0
2152.67,4600,8144,0,2118828,51687424,254709760,0
2153.97,4608,8140,0,2119977,51531776,256479232,0
2155.39,2564,8144,0,2121605,50491392,255176704,0
2156.82,3012,8140,0,2122954,51007488,255795200,0
2158.30,4872,8140,0,2124872,50774016,252796928,0
2159.71,2892,8140,0,2126096,52645888,254615552,0
2161.18,6176,8140,0,2127459,52649984,254103552,0
2162.53,2676,8144,0,2129244,51068928,252674048,0
2163.98,4428,7976,0,2130503,51224576,253583360,0
2165.38,3784,7976,0,2131811,51793920,254234624,0
2166.87,2096,7976,0,2133308,55918592,260075520,0
2168.46,3192,7976,0,2134649,56246272,260259840,0
2169.94,3600,7984,0,2136119,56074240,262070272,0
2171.36,3104,7988,0,2137675,55054336,262524928,0
2172.80,4308,7996,0,2139152,55357440,261611520,0
2174.24,3020,7996,0,2140822,54476800,259678208,0
2175.64,3116,8000,0,2142213,54239232,259112960,0
2177.07,6032,7996,0,2143584,54427648,259026944,0
2178.48,3656,8000,0,2145213,53137408,257196032,0
2179.95,4636,8004,0,2146745,52330496,255737856,0
2181.39,4504,8000,0,2147809,53211136,257691648,0
2182.90,3188,7996,0,2149709,52162560,255041536,0
2184.35,2460,7996,0,2150559,54345728,258736128,0
2185.75,2892,8000,0,2151997,55087104,258150400,0
2187.18,4836,8004,0,2153521,54390784,257658880,0
2188.57,6032,7996,0,2155029,54337536,257368064,0
2190.21,2676,7996,0,2156824,53248000,257753088,0
2191.92,4736,7996,0,2158982,51683328,255905792,0
2193.52,4920,8000,0,2160444,51126272,255512576,0
2194.88,4360,8004,0,2162851,47943680,248717312,0
2196.23,3160,8000,0,2164286,48263168,248893440,0
2197.71,3476,7996,0,2164988,50110464,254324736,0
2199.10,8004,7996,0,2166374,50364416,253480960,0
2200.41,2092,7996,0,2167903,50274304,253464576,0
2201.94,5896,8004,0,2169876,47972352,249016320,0
2203.25,3920,8000,0,2171849,45768704,244731904,0
2204.93,2352,7996,0,2172554,48128000,251097088,0
2206.35,2220,7996,0,2174048,51761152,258617344,0
2207.97,3508,7996,0,2176137,50892800,254164992,0
2209.41,4388,8004,0,2177519,51154944,252981248,0
2210.72,4080,7996,0,2179233,48836608,248836096,0
2212.10,4612,7996,0,2180413,49938432,249368576,0
2213.64,2956,7992,0,2181391,52482048,253825024,0
2215.17,2104,7992,0,2182285,53813248,257290240,0
2216.64,4484,7988,0,2183970,54448128,254746624,0
2218.01,3756,7988,0,2185840,53956608,250818560,0
2219.39,4932,7992,0,2187257,54210560,250294272,0
2220.72,4396,7984,0,2189246,54091776,246468608,0
2222.14,4024,7972,0,2191237,54382592,240828416,0
2223.48,5824,7960,0,2193623,51232768,231870464,0
2224.77,4156,7952,0,2195784,50065408,224071680,0
2226.10,4668,7952,0,2198198,48508928,215175168,0
2227.53,5440,7948,0,2200227,46772224,208887808,0
2228.85,4216,7948,0,2203599,46841856,196521984,0
2230.21,4244,7944,0,2205720,44539904,189198336,0
2231.57,4984,7940,0,2207128,43835392,185266176,0
2232.94,4348,7940,0,2208409,44716032,184344576,0
2234.32,4436,7936,0,2209382,45912064,183873536,0
2235.62,4064,7936,0,2211577,44265472,175370240,0
2236.93,4580,7932,0,2213626,43024384,168103936,0
2238.27,4492,7932,0,2215439,43282432,162103296,0
2239.57,4312,7932,0,2215716,43278336,161079296,0
2240.90,4820,7928,0,2216712,41644032,160923648,0
2242.33,4124,7932,0,2217482,41517056,160014336,0
2243.51,4812,7928,0,2217731,41476096,159137792,0
2244.68,4520,7932,0,2217750,41476096,159084544,0
2245.89,4304,7932,0,2217795,41459712,158912512,0
